0,rec.sport.baseball
1,alt.atheism
2,comp.os.ms-windows.misc
3,talk.politics.guns
4,alt.atheism
5,sci.electronics
6,alt.atheism
7,comp.os.ms-windows.misc
8,rec.sport.baseball
9,comp.os.ms-windows.misc
10,sci.electronics
11,comp.os.ms-windows.misc
12,sci.electronics
13,talk.politics.guns
14,sci.electronics
15,comp.os.ms-windows.misc
16,sci.electronics
17,comp.os.ms-windows.misc
18,alt.atheism
19,talk.politics.guns
20,sci.electronics
21,sci.electronics
22,comp.os.ms-windows.misc
23,sci.electronics
24,alt.atheism
25,sci.electronics
26,comp.os.ms-windows.misc
27,rec.sport.baseball
28,alt.atheism
29,comp.os.ms-windows.misc
30,alt.atheism
31,talk.politics.guns
32,alt.atheism
33,alt.atheism
34,talk.politics.guns
35,alt.atheism
36,comp.os.ms-windows.misc
37,comp.os.ms-windows.misc
38,alt.atheism
39,rec.sport.baseball
40,sci.electronics
41,sci.electronics
42,alt.atheism
43,rec.sport.baseball
44,comp.os.ms-windows.misc
45,rec.sport.baseball
46,alt.atheism
47,comp.os.ms-windows.misc
48,comp.os.ms-windows.misc
49,talk.politics.guns
50,rec.sport.baseball
51,rec.sport.baseball
52,rec.sport.baseball
53,talk.politics.guns
54,comp.os.ms-windows.misc
55,sci.electronics
56,comp.os.ms-windows.misc
57,rec.sport.baseball
58,talk.politics.guns
59,comp.os.ms-windows.misc
60,alt.atheism
61,sci.electronics
62,rec.sport.baseball
63,alt.atheism
64,rec.sport.baseball
65,sci.electronics
66,alt.atheism
67,rec.sport.baseball
68,talk.politics.guns
69,comp.os.ms-windows.misc
70,alt.atheism
71,rec.sport.baseball
72,rec.sport.baseball
73,comp.os.ms-windows.misc
74,rec.sport.baseball
75,comp.os.ms-windows.misc
76,comp.os.ms-windows.misc
77,alt.atheism
78,sci.electronics
79,sci.electronics
80,talk.politics.guns
81,comp.os.ms-windows.misc
82,comp.os.ms-windows.misc
83,comp.os.ms-windows.misc
84,rec.sport.baseball
85,sci.electronics
86,alt.atheism
87,talk.politics.guns
88,sci.electronics
89,sci.electronics
90,sci.electronics
91,talk.politics.guns
92,talk.politics.guns
93,alt.atheism
94,rec.sport.baseball
95,alt.atheism
96,talk.politics.guns
97,rec.sport.baseball
98,rec.sport.baseball
99,sci.electronics
100,alt.atheism
101,rec.sport.baseball
102,sci.electronics
103,rec.sport.baseball
104,comp.os.ms-windows.misc
105,sci.electronics
106,sci.electronics
107,rec.sport.baseball
108,talk.politics.guns
109,comp.os.ms-windows.misc
110,rec.sport.baseball
111,comp.os.ms-windows.misc
112,rec.sport.baseball
113,sci.electronics
114,rec.sport.baseball
115,talk.politics.guns
116,alt.atheism
117,rec.sport.baseball
118,talk.politics.guns
119,rec.sport.baseball
120,rec.sport.baseball
121,rec.sport.baseball
122,talk.politics.guns
123,rec.sport.baseball
124,talk.politics.guns
125,sci.electronics
126,alt.atheism
127,sci.electronics
128,sci.electronics
129,talk.politics.guns
130,sci.electronics
131,comp.os.ms-windows.misc
132,sci.electronics
133,comp.os.ms-windows.misc
134,sci.electronics
135,alt.atheism
136,alt.atheism
137,talk.politics.guns
138,alt.atheism
139,comp.os.ms-windows.misc
140,talk.politics.guns
141,comp.os.ms-windows.misc
142,rec.sport.baseball
143,sci.electronics
144,talk.politics.guns
145,rec.sport.baseball
146,alt.atheism
147,alt.atheism
148,comp.os.ms-windows.misc
149,alt.atheism
150,sci.electronics
151,talk.politics.guns
152,rec.sport.baseball
153,talk.politics.guns
154,comp.os.ms-windows.misc
155,alt.atheism
156,alt.atheism
157,talk.politics.guns
158,alt.atheism
159,comp.os.ms-windows.misc
160,comp.os.ms-windows.misc
161,rec.sport.baseball
162,comp.os.ms-windows.misc
163,talk.politics.guns
164,alt.atheism
165,talk.politics.guns
166,comp.os.ms-windows.misc
167,alt.atheism
168,alt.atheism
169,alt.atheism
170,comp.os.ms-windows.misc
171,sci.electronics
172,sci.electronics
173,comp.os.ms-windows.misc
174,talk.politics.guns
175,rec.sport.baseball
176,alt.atheism
177,comp.os.ms-windows.misc
178,talk.politics.guns
179,rec.sport.baseball
180,talk.politics.guns
181,comp.os.ms-windows.misc
182,talk.politics.guns
183,talk.politics.guns
184,alt.atheism
185,talk.politics.guns
186,rec.sport.baseball
187,talk.politics.guns
188,comp.os.ms-windows.misc
189,talk.politics.guns
190,alt.atheism
191,talk.politics.guns
192,sci.electronics
193,rec.sport.baseball
194,rec.sport.baseball
195,rec.sport.baseball
196,alt.atheism
197,sci.electronics
198,talk.politics.guns
199,talk.politics.guns
200,alt.atheism
201,comp.os.ms-windows.misc
202,comp.os.ms-windows.misc
203,rec.sport.baseball
204,alt.atheism
205,talk.politics.guns
206,sci.electronics
207,sci.electronics
208,alt.atheism
209,rec.sport.baseball
210,alt.atheism
211,comp.os.ms-windows.misc
212,rec.sport.baseball
213,alt.atheism
214,sci.electronics
215,alt.atheism
216,talk.politics.guns
217,alt.atheism
218,talk.politics.guns
219,sci.electronics
220,talk.politics.guns
221,sci.electronics
222,talk.politics.guns
223,sci.electronics
224,talk.politics.guns
225,rec.sport.baseball
226,comp.os.ms-windows.misc
227,alt.atheism
228,rec.sport.baseball
229,sci.electronics
230,comp.os.ms-windows.misc
231,rec.sport.baseball
232,sci.electronics
233,alt.atheism
234,comp.os.ms-windows.misc
235,rec.sport.baseball
236,sci.electronics
237,sci.electronics
238,comp.os.ms-windows.misc
239,comp.os.ms-windows.misc
240,rec.sport.baseball
241,sci.electronics
242,sci.electronics
243,alt.atheism
244,talk.politics.guns
245,sci.electronics
246,comp.os.ms-windows.misc
247,talk.politics.guns
248,comp.os.ms-windows.misc
249,talk.politics.guns
250,talk.politics.guns
251,talk.politics.guns
252,rec.sport.baseball
253,sci.electronics
254,rec.sport.baseball
255,comp.os.ms-windows.misc
256,talk.politics.guns
257,comp.os.ms-windows.misc
258,sci.electronics
259,sci.electronics
260,sci.electronics
261,rec.sport.baseball
262,sci.electronics
263,rec.sport.baseball
264,alt.atheism
265,alt.atheism
266,talk.politics.guns
267,talk.politics.guns
268,sci.electronics
269,alt.atheism
270,sci.electronics
271,rec.sport.baseball
272,comp.os.ms-windows.misc
273,comp.os.ms-windows.misc
274,talk.politics.guns
275,sci.electronics
276,rec.sport.baseball
277,alt.atheism
278,rec.sport.baseball
279,alt.atheism
280,comp.os.ms-windows.misc
281,talk.politics.guns
282,alt.atheism
283,talk.politics.guns
284,talk.politics.guns
285,sci.electronics
286,rec.sport.baseball
287,rec.sport.baseball
288,sci.electronics
289,talk.politics.guns
290,talk.politics.guns
291,sci.electronics
292,sci.electronics
293,alt.atheism
294,talk.politics.guns
295,talk.politics.guns
296,talk.politics.guns
297,rec.sport.baseball
298,alt.atheism
299,sci.electronics
300,sci.electronics
301,alt.atheism
302,rec.sport.baseball
303,talk.politics.guns
304,comp.os.ms-windows.misc
305,talk.politics.guns
306,talk.politics.guns
307,comp.os.ms-windows.misc
308,rec.sport.baseball
309,alt.atheism
310,rec.sport.baseball
311,alt.atheism
312,comp.os.ms-windows.misc
313,rec.sport.baseball
314,rec.sport.baseball
315,sci.electronics
316,sci.electronics
317,talk.politics.guns
318,rec.sport.baseball
319,talk.politics.guns
320,comp.os.ms-windows.misc
321,rec.sport.baseball
322,sci.electronics
323,comp.os.ms-windows.misc
324,comp.os.ms-windows.misc
325,comp.os.ms-windows.misc
326,rec.sport.baseball
327,rec.sport.baseball
328,sci.electronics
329,comp.os.ms-windows.misc
330,comp.os.ms-windows.misc
331,sci.electronics
332,talk.politics.guns
333,rec.sport.baseball
334,talk.politics.guns
335,rec.sport.baseball
336,comp.os.ms-windows.misc
337,comp.os.ms-windows.misc
338,talk.politics.guns
339,sci.electronics
340,talk.politics.guns
341,rec.sport.baseball
342,comp.os.ms-windows.misc
343,rec.sport.baseball
344,comp.os.ms-windows.misc
345,sci.electronics
346,alt.atheism
347,sci.electronics
348,talk.politics.guns
349,comp.os.ms-windows.misc
350,sci.electronics
351,talk.politics.guns
352,sci.electronics
353,sci.electronics
354,talk.politics.guns
355,comp.os.ms-windows.misc
356,sci.electronics
357,alt.atheism
358,comp.os.ms-windows.misc
359,sci.electronics
360,comp.os.ms-windows.misc
361,talk.politics.guns
362,comp.os.ms-windows.misc
363,talk.politics.guns
364,sci.electronics
365,talk.politics.guns
366,rec.sport.baseball
367,comp.os.ms-windows.misc
368,sci.electronics
369,alt.atheism
370,talk.politics.guns
371,talk.politics.guns
372,alt.atheism
373,comp.os.ms-windows.misc
374,sci.electronics
375,sci.electronics
376,rec.sport.baseball
377,talk.politics.guns
378,talk.politics.guns
379,alt.atheism
380,comp.os.ms-windows.misc
381,rec.sport.baseball
382,comp.os.ms-windows.misc
383,comp.os.ms-windows.misc
384,sci.electronics
385,rec.sport.baseball
386,comp.os.ms-windows.misc
387,sci.electronics
388,rec.sport.baseball
389,talk.politics.guns
390,rec.sport.baseball
391,talk.politics.guns
392,sci.electronics
393,comp.os.ms-windows.misc
394,alt.atheism
395,comp.os.ms-windows.misc
396,sci.electronics
397,comp.os.ms-windows.misc
398,rec.sport.baseball
399,alt.atheism
400,talk.politics.guns
401,comp.os.ms-windows.misc
402,talk.politics.guns
403,rec.sport.baseball
404,comp.os.ms-windows.misc
405,sci.electronics
406,sci.electronics
407,talk.politics.guns
408,talk.politics.guns
409,alt.atheism
410,comp.os.ms-windows.misc
411,talk.politics.guns
412,alt.atheism
413,comp.os.ms-windows.misc
414,alt.atheism
415,comp.os.ms-windows.misc
416,rec.sport.baseball
417,talk.politics.guns
418,comp.os.ms-windows.misc
419,rec.sport.baseball
420,rec.sport.baseball
421,comp.os.ms-windows.misc
422,comp.os.ms-windows.misc
423,rec.sport.baseball
424,sci.electronics
425,comp.os.ms-windows.misc
426,sci.electronics
427,talk.politics.guns
428,alt.atheism
429,sci.electronics
430,sci.electronics
431,comp.os.ms-windows.misc
432,sci.electronics
433,rec.sport.baseball
434,sci.electronics
435,rec.sport.baseball
436,rec.sport.baseball
437,alt.atheism
438,talk.politics.guns
439,comp.os.ms-windows.misc
440,rec.sport.baseball
441,sci.electronics
442,sci.electronics
443,sci.electronics
444,rec.sport.baseball
445,comp.os.ms-windows.misc
446,sci.electronics
447,talk.politics.guns
448,rec.sport.baseball
449,talk.politics.guns
450,comp.os.ms-windows.misc
451,sci.electronics
452,rec.sport.baseball
453,alt.atheism
454,rec.sport.baseball
455,sci.electronics
456,alt.atheism
457,talk.politics.guns
458,comp.os.ms-windows.misc
459,talk.politics.guns
460,sci.electronics
461,rec.sport.baseball
462,alt.atheism
463,comp.os.ms-windows.misc
464,comp.os.ms-windows.misc
465,comp.os.ms-windows.misc
466,sci.electronics
467,rec.sport.baseball
468,rec.sport.baseball
469,comp.os.ms-windows.misc
470,talk.politics.guns
471,rec.sport.baseball
472,alt.atheism
473,talk.politics.guns
474,talk.politics.guns
475,talk.politics.guns
476,sci.electronics
477,rec.sport.baseball
478,comp.os.ms-windows.misc
479,talk.politics.guns
480,talk.politics.guns
481,alt.atheism
482,sci.electronics
483,sci.electronics
484,rec.sport.baseball
485,alt.atheism
486,rec.sport.baseball
487,talk.politics.guns
488,rec.sport.baseball
489,rec.sport.baseball
490,alt.atheism
491,sci.electronics
492,talk.politics.guns
493,talk.politics.guns
494,sci.electronics
495,rec.sport.baseball
496,talk.politics.guns
497,comp.os.ms-windows.misc
498,talk.politics.guns
499,alt.atheism
500,comp.os.ms-windows.misc
501,sci.electronics
502,rec.sport.baseball
503,rec.sport.baseball
504,sci.electronics
505,talk.politics.guns
506,talk.politics.guns
507,sci.electronics
508,sci.electronics
509,sci.electronics
510,alt.atheism
511,sci.electronics
512,talk.politics.guns
513,sci.electronics
514,sci.electronics
515,rec.sport.baseball
516,talk.politics.guns
517,sci.electronics
518,comp.os.ms-windows.misc
519,rec.sport.baseball
520,alt.atheism
521,comp.os.ms-windows.misc
522,talk.politics.guns
523,talk.politics.guns
524,talk.politics.guns
525,talk.politics.guns
526,rec.sport.baseball
527,talk.politics.guns
528,sci.electronics
529,talk.politics.guns
530,sci.electronics
531,sci.electronics
532,comp.os.ms-windows.misc
533,sci.electronics
534,rec.sport.baseball
535,rec.sport.baseball
536,talk.politics.guns
537,sci.electronics
538,talk.politics.guns
539,sci.electronics
540,rec.sport.baseball
541,comp.os.ms-windows.misc
542,rec.sport.baseball
543,sci.electronics
544,alt.atheism
545,talk.politics.guns
546,rec.sport.baseball
547,talk.politics.guns
548,comp.os.ms-windows.misc
549,sci.electronics
550,comp.os.ms-windows.misc
551,talk.politics.guns
552,comp.os.ms-windows.misc
553,alt.atheism
554,talk.politics.guns
555,sci.electronics
556,sci.electronics
557,rec.sport.baseball
558,talk.politics.guns
559,rec.sport.baseball
560,talk.politics.guns
561,sci.electronics
562,rec.sport.baseball
563,talk.politics.guns
564,alt.atheism
565,sci.electronics
566,comp.os.ms-windows.misc
567,alt.atheism
568,comp.os.ms-windows.misc
569,alt.atheism
570,talk.politics.guns
571,alt.atheism
572,alt.atheism
573,rec.sport.baseball
574,comp.os.ms-windows.misc
575,rec.sport.baseball
576,alt.atheism
577,sci.electronics
578,alt.atheism
579,alt.atheism
580,rec.sport.baseball
581,talk.politics.guns
582,alt.atheism
583,comp.os.ms-windows.misc
584,comp.os.ms-windows.misc
585,alt.atheism
586,sci.electronics
587,comp.os.ms-windows.misc
588,comp.os.ms-windows.misc
589,talk.politics.guns
590,talk.politics.guns
591,sci.electronics
592,comp.os.ms-windows.misc
593,sci.electronics
594,comp.os.ms-windows.misc
595,sci.electronics
596,alt.atheism
597,sci.electronics
598,alt.atheism
599,alt.atheism
600,comp.os.ms-windows.misc
601,rec.sport.baseball
602,alt.atheism
603,sci.electronics
604,rec.sport.baseball
605,sci.electronics
606,comp.os.ms-windows.misc
607,comp.os.ms-windows.misc
608,talk.politics.guns
609,alt.atheism
610,talk.politics.guns
611,rec.sport.baseball
612,rec.sport.baseball
613,sci.electronics
614,sci.electronics
615,talk.politics.guns
616,comp.os.ms-windows.misc
617,rec.sport.baseball
618,alt.atheism
619,talk.politics.guns
620,talk.politics.guns
621,rec.sport.baseball
622,alt.atheism
623,talk.politics.guns
624,alt.atheism
625,sci.electronics
626,alt.atheism
627,sci.electronics
628,sci.electronics
629,comp.os.ms-windows.misc
630,talk.politics.guns
631,rec.sport.baseball
632,talk.politics.guns
633,comp.os.ms-windows.misc
634,rec.sport.baseball
635,talk.politics.guns
636,sci.electronics
637,talk.politics.guns
638,talk.politics.guns
639,comp.os.ms-windows.misc
640,rec.sport.baseball
641,rec.sport.baseball
642,rec.sport.baseball
643,rec.sport.baseball
644,sci.electronics
645,alt.atheism
646,comp.os.ms-windows.misc
647,sci.electronics
648,sci.electronics
649,sci.electronics
650,sci.electronics
651,alt.atheism
652,sci.electronics
653,alt.atheism
654,rec.sport.baseball
655,sci.electronics
656,sci.electronics
657,comp.os.ms-windows.misc
658,sci.electronics
659,sci.electronics
660,rec.sport.baseball
661,sci.electronics
662,talk.politics.guns
663,sci.electronics
664,rec.sport.baseball
665,rec.sport.baseball
666,rec.sport.baseball
667,rec.sport.baseball
668,comp.os.ms-windows.misc
669,comp.os.ms-windows.misc
670,sci.electronics
671,talk.politics.guns
672,rec.sport.baseball
673,talk.politics.guns
674,rec.sport.baseball
675,sci.electronics
676,rec.sport.baseball
677,comp.os.ms-windows.misc
678,comp.os.ms-windows.misc
679,sci.electronics
680,comp.os.ms-windows.misc
681,sci.electronics
682,comp.os.ms-windows.misc
683,rec.sport.baseball
684,rec.sport.baseball
685,rec.sport.baseball
686,rec.sport.baseball
687,comp.os.ms-windows.misc
688,sci.electronics
689,sci.electronics
690,talk.politics.guns
691,talk.politics.guns
692,rec.sport.baseball
693,comp.os.ms-windows.misc
694,alt.atheism
695,comp.os.ms-windows.misc
696,sci.electronics
697,alt.atheism
698,comp.os.ms-windows.misc
699,rec.sport.baseball
700,sci.electronics
701,talk.politics.guns
702,comp.os.ms-windows.misc
703,comp.os.ms-windows.misc
704,alt.atheism
705,alt.atheism
706,sci.electronics
707,rec.sport.baseball
708,comp.os.ms-windows.misc
709,comp.os.ms-windows.misc
710,rec.sport.baseball
711,talk.politics.guns
712,talk.politics.guns
713,alt.atheism
714,talk.politics.guns
715,comp.os.ms-windows.misc
716,rec.sport.baseball
717,sci.electronics
718,comp.os.ms-windows.misc
719,rec.sport.baseball
720,rec.sport.baseball
721,talk.politics.guns
722,rec.sport.baseball
723,rec.sport.baseball
724,talk.politics.guns
725,rec.sport.baseball
726,alt.atheism
727,rec.sport.baseball
728,sci.electronics
729,sci.electronics
730,comp.os.ms-windows.misc
731,alt.atheism
732,sci.electronics
733,rec.sport.baseball
734,comp.os.ms-windows.misc
735,rec.sport.baseball
736,alt.atheism
737,rec.sport.baseball
738,comp.os.ms-windows.misc
739,rec.sport.baseball
740,sci.electronics
741,talk.politics.guns
742,rec.sport.baseball
743,comp.os.ms-windows.misc
744,alt.atheism
745,rec.sport.baseball
746,comp.os.ms-windows.misc
747,talk.politics.guns
748,rec.sport.baseball
749,alt.atheism
750,talk.politics.guns
751,talk.politics.guns
752,sci.electronics
753,alt.atheism
754,sci.electronics
755,talk.politics.guns
756,comp.os.ms-windows.misc
757,sci.electronics
758,comp.os.ms-windows.misc
759,rec.sport.baseball
760,rec.sport.baseball
761,alt.atheism
762,rec.sport.baseball
763,talk.politics.guns
764,comp.os.ms-windows.misc
765,alt.atheism
766,talk.politics.guns
767,sci.electronics
768,rec.sport.baseball
769,sci.electronics
770,comp.os.ms-windows.misc
771,talk.politics.guns
772,rec.sport.baseball
773,comp.os.ms-windows.misc
774,comp.os.ms-windows.misc
775,comp.os.ms-windows.misc
776,comp.os.ms-windows.misc
777,sci.electronics
778,alt.atheism
779,rec.sport.baseball
780,alt.atheism
781,sci.electronics
782,sci.electronics
783,rec.sport.baseball
784,talk.politics.guns
785,rec.sport.baseball
786,sci.electronics
787,talk.politics.guns
788,sci.electronics
789,talk.politics.guns
790,sci.electronics
791,alt.atheism
792,talk.politics.guns
793,sci.electronics
794,rec.sport.baseball
795,comp.os.ms-windows.misc
796,alt.atheism
797,talk.politics.guns
798,comp.os.ms-windows.misc
799,talk.politics.guns
800,talk.politics.guns
801,rec.sport.baseball
802,talk.politics.guns
803,sci.electronics
804,sci.electronics
805,talk.politics.guns
806,alt.atheism
807,sci.electronics
808,sci.electronics
809,rec.sport.baseball
810,alt.atheism
811,rec.sport.baseball
812,rec.sport.baseball
813,sci.electronics
814,comp.os.ms-windows.misc
815,sci.electronics
816,comp.os.ms-windows.misc
817,sci.electronics
818,alt.atheism
819,comp.os.ms-windows.misc
820,talk.politics.guns
821,talk.politics.guns
822,alt.atheism
823,comp.os.ms-windows.misc
824,comp.os.ms-windows.misc
825,comp.os.ms-windows.misc
826,rec.sport.baseball
827,sci.electronics
828,rec.sport.baseball
829,comp.os.ms-windows.misc
830,comp.os.ms-windows.misc
831,comp.os.ms-windows.misc
832,rec.sport.baseball
833,talk.politics.guns
834,talk.politics.guns
835,comp.os.ms-windows.misc
836,comp.os.ms-windows.misc
837,rec.sport.baseball
838,rec.sport.baseball
839,talk.politics.guns
840,talk.politics.guns
841,talk.politics.guns
842,comp.os.ms-windows.misc
843,sci.electronics
844,alt.atheism
845,alt.atheism
846,rec.sport.baseball
847,comp.os.ms-windows.misc
848,rec.sport.baseball
849,comp.os.ms-windows.misc
850,rec.sport.baseball
851,comp.os.ms-windows.misc
852,alt.atheism
853,talk.politics.guns
854,sci.electronics
855,alt.atheism
856,rec.sport.baseball
857,talk.politics.guns
858,talk.politics.guns
859,talk.politics.guns
860,alt.atheism
861,comp.os.ms-windows.misc
862,alt.atheism
863,talk.politics.guns
864,talk.politics.guns
865,alt.atheism
866,talk.politics.guns
867,talk.politics.guns
868,sci.electronics
869,sci.electronics
870,rec.sport.baseball
871,sci.electronics
872,talk.politics.guns
873,comp.os.ms-windows.misc
874,rec.sport.baseball
875,alt.atheism
876,alt.atheism
877,alt.atheism
878,sci.electronics
879,sci.electronics
880,sci.electronics
881,talk.politics.guns
882,rec.sport.baseball
883,rec.sport.baseball
884,comp.os.ms-windows.misc
885,comp.os.ms-windows.misc
886,comp.os.ms-windows.misc
887,alt.atheism
888,talk.politics.guns
889,comp.os.ms-windows.misc
890,rec.sport.baseball
891,rec.sport.baseball
892,alt.atheism
893,talk.politics.guns
894,talk.politics.guns
895,talk.politics.guns
896,sci.electronics
897,sci.electronics
898,alt.atheism
899,rec.sport.baseball
900,sci.electronics
901,rec.sport.baseball
902,sci.electronics
903,rec.sport.baseball
904,sci.electronics
905,rec.sport.baseball
906,rec.sport.baseball
907,alt.atheism
908,rec.sport.baseball
909,rec.sport.baseball
910,sci.electronics
911,talk.politics.guns
912,rec.sport.baseball
913,comp.os.ms-windows.misc
914,sci.electronics
915,alt.atheism
916,sci.electronics
917,alt.atheism
918,sci.electronics
919,rec.sport.baseball
920,talk.politics.guns
921,comp.os.ms-windows.misc
922,sci.electronics
923,alt.atheism
924,talk.politics.guns
925,talk.politics.guns
926,alt.atheism
927,comp.os.ms-windows.misc
928,rec.sport.baseball
929,rec.sport.baseball
930,alt.atheism
931,comp.os.ms-windows.misc
932,rec.sport.baseball
933,alt.atheism
934,alt.atheism
935,rec.sport.baseball
936,rec.sport.baseball
937,comp.os.ms-windows.misc
938,alt.atheism
939,sci.electronics
940,sci.electronics
941,alt.atheism
942,comp.os.ms-windows.misc
943,rec.sport.baseball
944,rec.sport.baseball
945,alt.atheism
946,talk.politics.guns
947,talk.politics.guns
948,alt.atheism
949,alt.atheism
950,talk.politics.guns
951,comp.os.ms-windows.misc
952,alt.atheism
953,comp.os.ms-windows.misc
954,comp.os.ms-windows.misc
955,comp.os.ms-windows.misc
956,sci.electronics
957,talk.politics.guns
958,talk.politics.guns
959,sci.electronics
960,comp.os.ms-windows.misc
961,comp.os.ms-windows.misc
962,talk.politics.guns
963,comp.os.ms-windows.misc
964,comp.os.ms-windows.misc
965,alt.atheism
966,talk.politics.guns
967,rec.sport.baseball
968,rec.sport.baseball
969,comp.os.ms-windows.misc
970,alt.atheism
971,comp.os.ms-windows.misc
972,comp.os.ms-windows.misc
973,talk.politics.guns
974,comp.os.ms-windows.misc
975,alt.atheism
976,sci.electronics
977,comp.os.ms-windows.misc
978,talk.politics.guns
979,sci.electronics
980,alt.atheism
981,alt.atheism
982,talk.politics.guns
983,comp.os.ms-windows.misc
984,talk.politics.guns
985,comp.os.ms-windows.misc
986,comp.os.ms-windows.misc
987,talk.politics.guns
988,alt.atheism
989,talk.politics.guns
990,rec.sport.baseball
991,alt.atheism
992,sci.electronics
993,rec.sport.baseball
994,comp.os.ms-windows.misc
995,alt.atheism
996,rec.sport.baseball
997,sci.electronics
998,sci.electronics
999,rec.sport.baseball
1000,comp.os.ms-windows.misc
1001,sci.electronics
1002,rec.sport.baseball
1003,rec.sport.baseball
1004,sci.electronics
1005,comp.os.ms-windows.misc
1006,sci.electronics
1007,comp.os.ms-windows.misc
1008,alt.atheism
1009,sci.electronics
1010,alt.atheism
1011,alt.atheism
1012,alt.atheism
1013,rec.sport.baseball
1014,rec.sport.baseball
1015,talk.politics.guns
1016,talk.politics.guns
1017,comp.os.ms-windows.misc
1018,comp.os.ms-windows.misc
1019,sci.electronics
1020,rec.sport.baseball
1021,comp.os.ms-windows.misc
1022,talk.politics.guns
1023,alt.atheism
1024,rec.sport.baseball
1025,comp.os.ms-windows.misc
1026,talk.politics.guns
1027,rec.sport.baseball
1028,alt.atheism
1029,talk.politics.guns
1030,talk.politics.guns
1031,rec.sport.baseball
1032,talk.politics.guns
1033,alt.atheism
1034,sci.electronics
1035,talk.politics.guns
1036,alt.atheism
1037,comp.os.ms-windows.misc
1038,rec.sport.baseball
1039,alt.atheism
1040,comp.os.ms-windows.misc
1041,comp.os.ms-windows.misc
1042,sci.electronics
1043,rec.sport.baseball
1044,rec.sport.baseball
1045,sci.electronics
1046,sci.electronics
1047,alt.atheism
1048,comp.os.ms-windows.misc
1049,alt.atheism
1050,comp.os.ms-windows.misc
1051,talk.politics.guns
1052,alt.atheism
1053,sci.electronics
1054,comp.os.ms-windows.misc
1055,talk.politics.guns
1056,sci.electronics
1057,alt.atheism
1058,sci.electronics
1059,comp.os.ms-windows.misc
1060,comp.os.ms-windows.misc
1061,comp.os.ms-windows.misc
1062,comp.os.ms-windows.misc
1063,comp.os.ms-windows.misc
1064,comp.os.ms-windows.misc
1065,alt.atheism
1066,rec.sport.baseball
1067,comp.os.ms-windows.misc
1068,rec.sport.baseball
1069,talk.politics.guns
1070,rec.sport.baseball
1071,rec.sport.baseball
1072,alt.atheism
1073,rec.sport.baseball
1074,sci.electronics
1075,talk.politics.guns
1076,alt.atheism
1077,comp.os.ms-windows.misc
1078,alt.atheism
1079,talk.politics.guns
1080,talk.politics.guns
1081,sci.electronics
1082,talk.politics.guns
1083,comp.os.ms-windows.misc
1084,alt.atheism
1085,alt.atheism
1086,sci.electronics
1087,comp.os.ms-windows.misc
1088,talk.politics.guns
1089,rec.sport.baseball
1090,sci.electronics
1091,rec.sport.baseball
1092,sci.electronics
1093,sci.electronics
1094,rec.sport.baseball
1095,comp.os.ms-windows.misc
1096,rec.sport.baseball
1097,rec.sport.baseball
1098,comp.os.ms-windows.misc
1099,sci.electronics
1100,rec.sport.baseball
1101,talk.politics.guns
1102,sci.electronics
1103,comp.os.ms-windows.misc
1104,sci.electronics
1105,alt.atheism
1106,alt.atheism
1107,sci.electronics
1108,alt.atheism
1109,talk.politics.guns
1110,rec.sport.baseball
1111,comp.os.ms-windows.misc
1112,comp.os.ms-windows.misc
1113,sci.electronics
1114,rec.sport.baseball
1115,rec.sport.baseball
1116,alt.atheism
1117,comp.os.ms-windows.misc
1118,talk.politics.guns
1119,rec.sport.baseball
1120,comp.os.ms-windows.misc
1121,alt.atheism
1122,talk.politics.guns
1123,comp.os.ms-windows.misc
1124,sci.electronics
1125,comp.os.ms-windows.misc
1126,comp.os.ms-windows.misc
1127,comp.os.ms-windows.misc
1128,rec.sport.baseball
1129,comp.os.ms-windows.misc
1130,rec.sport.baseball
1131,comp.os.ms-windows.misc
1132,rec.sport.baseball
1133,alt.atheism
1134,rec.sport.baseball
1135,rec.sport.baseball
1136,alt.atheism
1137,sci.electronics
1138,talk.politics.guns
1139,alt.atheism
1140,sci.electronics
1141,rec.sport.baseball
1142,alt.atheism
1143,alt.atheism
1144,comp.os.ms-windows.misc
1145,rec.sport.baseball
1146,rec.sport.baseball
1147,talk.politics.guns
1148,sci.electronics
1149,comp.os.ms-windows.misc
1150,rec.sport.baseball
1151,rec.sport.baseball
1152,sci.electronics
1153,alt.atheism
1154,sci.electronics
1155,comp.os.ms-windows.misc
1156,comp.os.ms-windows.misc
1157,alt.atheism
1158,talk.politics.guns
1159,rec.sport.baseball
1160,talk.politics.guns
1161,sci.electronics
1162,rec.sport.baseball
1163,sci.electronics
1164,sci.electronics
1165,talk.politics.guns
1166,sci.electronics
1167,comp.os.ms-windows.misc
1168,sci.electronics
1169,alt.atheism
1170,sci.electronics
1171,rec.sport.baseball
1172,alt.atheism
1173,comp.os.ms-windows.misc
1174,comp.os.ms-windows.misc
1175,sci.electronics
1176,talk.politics.guns
1177,rec.sport.baseball
1178,sci.electronics
1179,rec.sport.baseball
1180,comp.os.ms-windows.misc
1181,talk.politics.guns
1182,alt.atheism
1183,talk.politics.guns
1184,comp.os.ms-windows.misc
1185,talk.politics.guns
1186,comp.os.ms-windows.misc
1187,sci.electronics
1188,comp.os.ms-windows.misc
1189,comp.os.ms-windows.misc
1190,rec.sport.baseball
1191,alt.atheism
1192,talk.politics.guns
1193,comp.os.ms-windows.misc
1194,rec.sport.baseball
1195,comp.os.ms-windows.misc
1196,comp.os.ms-windows.misc
1197,rec.sport.baseball
1198,comp.os.ms-windows.misc
1199,talk.politics.guns
1200,rec.sport.baseball
1201,talk.politics.guns
1202,comp.os.ms-windows.misc
1203,talk.politics.guns
1204,rec.sport.baseball
1205,talk.politics.guns
1206,rec.sport.baseball
1207,sci.electronics
1208,comp.os.ms-windows.misc
1209,rec.sport.baseball
1210,sci.electronics
1211,sci.electronics
1212,rec.sport.baseball
1213,comp.os.ms-windows.misc
1214,comp.os.ms-windows.misc
1215,comp.os.ms-windows.misc
1216,comp.os.ms-windows.misc
1217,talk.politics.guns
1218,sci.electronics
1219,rec.sport.baseball
1220,sci.electronics
1221,rec.sport.baseball
1222,rec.sport.baseball
1223,sci.electronics
1224,alt.atheism
1225,alt.atheism
1226,alt.atheism
1227,rec.sport.baseball
1228,alt.atheism
1229,rec.sport.baseball
1230,rec.sport.baseball
1231,talk.politics.guns
1232,alt.atheism
1233,comp.os.ms-windows.misc
1234,alt.atheism
1235,rec.sport.baseball
1236,rec.sport.baseball
1237,alt.atheism
1238,alt.atheism
1239,sci.electronics
1240,rec.sport.baseball
1241,sci.electronics
1242,sci.electronics
1243,sci.electronics
1244,talk.politics.guns
1245,comp.os.ms-windows.misc
1246,sci.electronics
1247,comp.os.ms-windows.misc
1248,rec.sport.baseball
1249,rec.sport.baseball
1250,talk.politics.guns
1251,alt.atheism
1252,comp.os.ms-windows.misc
1253,comp.os.ms-windows.misc
1254,talk.politics.guns
1255,sci.electronics
1256,rec.sport.baseball
1257,rec.sport.baseball
1258,rec.sport.baseball
1259,talk.politics.guns
1260,rec.sport.baseball
1261,alt.atheism
1262,comp.os.ms-windows.misc
1263,sci.electronics
1264,alt.atheism
1265,talk.politics.guns
1266,talk.politics.guns
1267,rec.sport.baseball
1268,alt.atheism
1269,rec.sport.baseball
1270,rec.sport.baseball
1271,alt.atheism
1272,comp.os.ms-windows.misc
1273,talk.politics.guns
1274,talk.politics.guns
1275,rec.sport.baseball
1276,rec.sport.baseball
1277,rec.sport.baseball
1278,comp.os.ms-windows.misc
1279,rec.sport.baseball
1280,talk.politics.guns
1281,sci.electronics
1282,alt.atheism
1283,comp.os.ms-windows.misc
1284,alt.atheism
1285,alt.atheism
1286,alt.atheism
1287,comp.os.ms-windows.misc
1288,sci.electronics
1289,talk.politics.guns
1290,alt.atheism
1291,comp.os.ms-windows.misc
1292,rec.sport.baseball
1293,sci.electronics
1294,sci.electronics
1295,alt.atheism
1296,comp.os.ms-windows.misc
1297,talk.politics.guns
1298,talk.politics.guns
1299,alt.atheism
1300,talk.politics.guns
1301,sci.electronics
1302,comp.os.ms-windows.misc
1303,alt.atheism
1304,alt.atheism
1305,talk.politics.guns
1306,rec.sport.baseball
1307,sci.electronics
1308,sci.electronics
1309,rec.sport.baseball
1310,comp.os.ms-windows.misc
1311,talk.politics.guns
1312,rec.sport.baseball
1313,alt.atheism
1314,alt.atheism
1315,rec.sport.baseball
1316,talk.politics.guns
1317,comp.os.ms-windows.misc
1318,comp.os.ms-windows.misc
1319,sci.electronics
1320,sci.electronics
1321,talk.politics.guns
1322,rec.sport.baseball
1323,comp.os.ms-windows.misc
1324,comp.os.ms-windows.misc
1325,talk.politics.guns
1326,rec.sport.baseball
1327,sci.electronics
1328,sci.electronics
1329,talk.politics.guns
1330,rec.sport.baseball
1331,rec.sport.baseball
1332,comp.os.ms-windows.misc
1333,rec.sport.baseball
1334,talk.politics.guns
1335,talk.politics.guns
1336,comp.os.ms-windows.misc
1337,rec.sport.baseball
1338,alt.atheism
1339,rec.sport.baseball
1340,rec.sport.baseball
1341,sci.electronics
1342,comp.os.ms-windows.misc
1343,sci.electronics
1344,comp.os.ms-windows.misc
1345,rec.sport.baseball
1346,sci.electronics
1347,talk.politics.guns
1348,comp.os.ms-windows.misc
1349,comp.os.ms-windows.misc
1350,rec.sport.baseball
1351,comp.os.ms-windows.misc
1352,rec.sport.baseball
1353,rec.sport.baseball
1354,rec.sport.baseball
1355,comp.os.ms-windows.misc
1356,sci.electronics
1357,talk.politics.guns
1358,rec.sport.baseball
1359,comp.os.ms-windows.misc
1360,talk.politics.guns
1361,alt.atheism
1362,sci.electronics
1363,talk.politics.guns
1364,alt.atheism
1365,alt.atheism
1366,talk.politics.guns
1367,sci.electronics
1368,alt.atheism
1369,sci.electronics
1370,sci.electronics
1371,talk.politics.guns
1372,alt.atheism
1373,comp.os.ms-windows.misc
1374,alt.atheism
1375,alt.atheism
1376,alt.atheism
1377,comp.os.ms-windows.misc
1378,sci.electronics
1379,talk.politics.guns
1380,rec.sport.baseball
1381,talk.politics.guns
1382,alt.atheism
1383,alt.atheism
1384,rec.sport.baseball
1385,rec.sport.baseball
1386,rec.sport.baseball
1387,sci.electronics
1388,talk.politics.guns
1389,talk.politics.guns
1390,sci.electronics
1391,sci.electronics
1392,talk.politics.guns
1393,rec.sport.baseball
1394,alt.atheism
1395,rec.sport.baseball
1396,sci.electronics
1397,talk.politics.guns
1398,comp.os.ms-windows.misc
1399,alt.atheism
1400,talk.politics.guns
1401,comp.os.ms-windows.misc
1402,alt.atheism
1403,rec.sport.baseball
1404,sci.electronics
1405,comp.os.ms-windows.misc
1406,comp.os.ms-windows.misc
1407,talk.politics.guns
1408,sci.electronics
1409,alt.atheism
1410,alt.atheism
1411,alt.atheism
1412,sci.electronics
1413,sci.electronics
1414,alt.atheism
1415,sci.electronics
1416,comp.os.ms-windows.misc
1417,alt.atheism
1418,sci.electronics
1419,alt.atheism
1420,talk.politics.guns
1421,sci.electronics
1422,sci.electronics
1423,sci.electronics
1424,sci.electronics
1425,rec.sport.baseball
1426,rec.sport.baseball
1427,comp.os.ms-windows.misc
1428,talk.politics.guns
1429,rec.sport.baseball
1430,sci.electronics
1431,comp.os.ms-windows.misc
1432,comp.os.ms-windows.misc
1433,rec.sport.baseball
1434,sci.electronics
1435,sci.electronics
1436,comp.os.ms-windows.misc
1437,talk.politics.guns
1438,talk.politics.guns
1439,comp.os.ms-windows.misc
1440,sci.electronics
1441,sci.electronics
1442,talk.politics.guns
1443,rec.sport.baseball
1444,rec.sport.baseball
1445,comp.os.ms-windows.misc
1446,talk.politics.guns
1447,sci.electronics
1448,comp.os.ms-windows.misc
1449,talk.politics.guns
1450,sci.electronics
1451,comp.os.ms-windows.misc
1452,alt.atheism
1453,alt.atheism
1454,sci.electronics
1455,alt.atheism
1456,alt.atheism
1457,talk.politics.guns
1458,talk.politics.guns
1459,talk.politics.guns
1460,comp.os.ms-windows.misc
1461,comp.os.ms-windows.misc
1462,rec.sport.baseball
1463,talk.politics.guns
1464,comp.os.ms-windows.misc
1465,alt.atheism
1466,sci.electronics
1467,comp.os.ms-windows.misc
1468,rec.sport.baseball
1469,talk.politics.guns
1470,sci.electronics
1471,comp.os.ms-windows.misc
1472,alt.atheism
1473,talk.politics.guns
1474,talk.politics.guns
1475,comp.os.ms-windows.misc
1476,talk.politics.guns
1477,rec.sport.baseball
1478,comp.os.ms-windows.misc
1479,alt.atheism
1480,comp.os.ms-windows.misc
1481,talk.politics.guns
1482,rec.sport.baseball
1483,comp.os.ms-windows.misc
1484,comp.os.ms-windows.misc
1485,comp.os.ms-windows.misc
1486,comp.os.ms-windows.misc
1487,rec.sport.baseball
1488,sci.electronics
1489,alt.atheism
1490,sci.electronics
1491,sci.electronics
1492,rec.sport.baseball
1493,talk.politics.guns
1494,rec.sport.baseball
1495,talk.politics.guns
1496,talk.politics.guns
1497,talk.politics.guns
1498,sci.electronics
1499,sci.electronics
1500,talk.politics.guns
1501,rec.sport.baseball
1502,sci.electronics
1503,comp.os.ms-windows.misc
1504,sci.electronics
1505,rec.sport.baseball
1506,rec.sport.baseball
1507,talk.politics.guns
1508,sci.electronics
1509,sci.electronics
1510,comp.os.ms-windows.misc
1511,talk.politics.guns
1512,talk.politics.guns
1513,sci.electronics
1514,sci.electronics
1515,comp.os.ms-windows.misc
1516,comp.os.ms-windows.misc
1517,sci.electronics
1518,talk.politics.guns
1519,rec.sport.baseball
1520,comp.os.ms-windows.misc
1521,sci.electronics
1522,talk.politics.guns
1523,alt.atheism
1524,sci.electronics
1525,rec.sport.baseball
1526,alt.atheism
1527,sci.electronics
1528,alt.atheism
1529,alt.atheism
1530,talk.politics.guns
1531,sci.electronics
1532,alt.atheism
1533,talk.politics.guns
1534,comp.os.ms-windows.misc
1535,comp.os.ms-windows.misc
1536,alt.atheism
1537,rec.sport.baseball
1538,rec.sport.baseball
1539,talk.politics.guns
1540,rec.sport.baseball
1541,rec.sport.baseball
1542,rec.sport.baseball
1543,rec.sport.baseball
1544,comp.os.ms-windows.misc
1545,comp.os.ms-windows.misc
1546,sci.electronics
1547,alt.atheism
1548,rec.sport.baseball
1549,comp.os.ms-windows.misc
1550,talk.politics.guns
1551,sci.electronics
1552,sci.electronics
1553,talk.politics.guns
1554,comp.os.ms-windows.misc
1555,talk.politics.guns
1556,rec.sport.baseball
1557,rec.sport.baseball
1558,comp.os.ms-windows.misc
1559,comp.os.ms-windows.misc
1560,talk.politics.guns
1561,rec.sport.baseball
1562,alt.atheism
1563,comp.os.ms-windows.misc
1564,alt.atheism
1565,comp.os.ms-windows.misc
1566,rec.sport.baseball
1567,talk.politics.guns
1568,alt.atheism
1569,alt.atheism
1570,sci.electronics
1571,talk.politics.guns
1572,alt.atheism
1573,comp.os.ms-windows.misc
1574,talk.politics.guns
1575,rec.sport.baseball
1576,comp.os.ms-windows.misc
1577,comp.os.ms-windows.misc
1578,sci.electronics
1579,sci.electronics
1580,talk.politics.guns
1581,talk.politics.guns
1582,alt.atheism
1583,sci.electronics
1584,comp.os.ms-windows.misc
1585,comp.os.ms-windows.misc
1586,sci.electronics
1587,alt.atheism
1588,alt.atheism
1589,rec.sport.baseball
1590,rec.sport.baseball
1591,rec.sport.baseball
1592,comp.os.ms-windows.misc
1593,talk.politics.guns
1594,comp.os.ms-windows.misc
1595,rec.sport.baseball
1596,alt.atheism
1597,comp.os.ms-windows.misc
1598,comp.os.ms-windows.misc
1599,sci.electronics
1600,rec.sport.baseball
1601,sci.electronics
1602,sci.electronics
1603,rec.sport.baseball
1604,alt.atheism
1605,rec.sport.baseball
1606,sci.electronics
1607,sci.electronics
1608,alt.atheism
1609,talk.politics.guns
1610,talk.politics.guns
1611,talk.politics.guns
1612,alt.atheism
1613,alt.atheism
1614,talk.politics.guns
1615,sci.electronics
1616,sci.electronics
1617,comp.os.ms-windows.misc
1618,sci.electronics
1619,comp.os.ms-windows.misc
1620,alt.atheism
1621,comp.os.ms-windows.misc
1622,talk.politics.guns
1623,alt.atheism
1624,alt.atheism
1625,alt.atheism
1626,rec.sport.baseball
1627,comp.os.ms-windows.misc
1628,alt.atheism
1629,alt.atheism
1630,comp.os.ms-windows.misc
1631,alt.atheism
1632,sci.electronics
1633,comp.os.ms-windows.misc
1634,sci.electronics
1635,talk.politics.guns
1636,sci.electronics
1637,comp.os.ms-windows.misc
1638,alt.atheism
1639,rec.sport.baseball
1640,rec.sport.baseball
1641,sci.electronics
1642,sci.electronics
1643,talk.politics.guns
1644,comp.os.ms-windows.misc
1645,talk.politics.guns
1646,comp.os.ms-windows.misc
1647,sci.electronics
1648,alt.atheism
1649,talk.politics.guns
1650,rec.sport.baseball
1651,sci.electronics
1652,alt.atheism
1653,sci.electronics
1654,talk.politics.guns
1655,comp.os.ms-windows.misc
1656,rec.sport.baseball
1657,sci.electronics
1658,comp.os.ms-windows.misc
1659,rec.sport.baseball
1660,comp.os.ms-windows.misc
1661,alt.atheism
1662,alt.atheism
1663,alt.atheism
1664,sci.electronics
1665,sci.electronics
1666,sci.electronics
1667,comp.os.ms-windows.misc
1668,comp.os.ms-windows.misc
1669,sci.electronics
1670,alt.atheism
1671,rec.sport.baseball
1672,rec.sport.baseball
1673,comp.os.ms-windows.misc
1674,talk.politics.guns
1675,talk.politics.guns
1676,rec.sport.baseball
1677,rec.sport.baseball
1678,rec.sport.baseball
1679,sci.electronics
1680,talk.politics.guns
1681,talk.politics.guns
1682,rec.sport.baseball
1683,rec.sport.baseball
1684,comp.os.ms-windows.misc
1685,talk.politics.guns
1686,sci.electronics
1687,talk.politics.guns
1688,talk.politics.guns
1689,sci.electronics
1690,rec.sport.baseball
1691,alt.atheism
1692,alt.atheism
1693,rec.sport.baseball
1694,alt.atheism
1695,talk.politics.guns
1696,talk.politics.guns
1697,alt.atheism
1698,sci.electronics
1699,talk.politics.guns
1700,rec.sport.baseball
1701,rec.sport.baseball
1702,sci.electronics
1703,sci.electronics
1704,talk.politics.guns
1705,alt.atheism
1706,alt.atheism
1707,talk.politics.guns
1708,talk.politics.guns
1709,comp.os.ms-windows.misc
1710,talk.politics.guns
1711,sci.electronics
1712,comp.os.ms-windows.misc
1713,comp.os.ms-windows.misc
1714,alt.atheism
1715,sci.electronics
1716,talk.politics.guns
1717,rec.sport.baseball
1718,rec.sport.baseball
1719,rec.sport.baseball
1720,rec.sport.baseball
1721,sci.electronics
1722,talk.politics.guns
1723,rec.sport.baseball
1724,comp.os.ms-windows.misc
1725,sci.electronics
1726,alt.atheism
1727,rec.sport.baseball
1728,alt.atheism
1729,talk.politics.guns
1730,rec.sport.baseball
1731,alt.atheism
1732,alt.atheism
1733,rec.sport.baseball
1734,comp.os.ms-windows.misc
1735,alt.atheism
1736,sci.electronics
1737,comp.os.ms-windows.misc
1738,comp.os.ms-windows.misc
1739,comp.os.ms-windows.misc
1740,sci.electronics
1741,comp.os.ms-windows.misc
1742,alt.atheism
1743,sci.electronics
1744,talk.politics.guns
1745,alt.atheism
1746,comp.os.ms-windows.misc
1747,comp.os.ms-windows.misc
1748,alt.atheism
1749,comp.os.ms-windows.misc
1750,sci.electronics
1751,sci.electronics
1752,sci.electronics
1753,comp.os.ms-windows.misc
1754,talk.politics.guns
1755,rec.sport.baseball
1756,alt.atheism
1757,talk.politics.guns
1758,rec.sport.baseball
1759,rec.sport.baseball
1760,rec.sport.baseball
1761,comp.os.ms-windows.misc
1762,alt.atheism
1763,rec.sport.baseball
1764,rec.sport.baseball
1765,comp.os.ms-windows.misc
1766,alt.atheism
1767,alt.atheism
1768,alt.atheism
1769,rec.sport.baseball
1770,comp.os.ms-windows.misc
1771,talk.politics.guns
1772,talk.politics.guns
1773,comp.os.ms-windows.misc
1774,rec.sport.baseball
1775,rec.sport.baseball
1776,sci.electronics
1777,rec.sport.baseball
1778,rec.sport.baseball
1779,rec.sport.baseball
1780,alt.atheism
1781,rec.sport.baseball
1782,comp.os.ms-windows.misc
1783,rec.sport.baseball
1784,comp.os.ms-windows.misc
1785,alt.atheism
1786,comp.os.ms-windows.misc
1787,rec.sport.baseball
1788,sci.electronics
1789,alt.atheism
1790,alt.atheism
1791,talk.politics.guns
1792,alt.atheism
1793,comp.os.ms-windows.misc
1794,comp.os.ms-windows.misc
1795,talk.politics.guns
1796,talk.politics.guns
1797,sci.electronics
1798,alt.atheism
1799,talk.politics.guns
1800,alt.atheism
1801,sci.electronics
1802,comp.os.ms-windows.misc
1803,rec.sport.baseball
1804,talk.politics.guns
1805,alt.atheism
1806,talk.politics.guns
1807,comp.os.ms-windows.misc
1808,rec.sport.baseball
1809,sci.electronics
1810,talk.politics.guns
1811,sci.electronics
1812,talk.politics.guns
1813,sci.electronics
1814,sci.electronics
1815,rec.sport.baseball
1816,sci.electronics
1817,comp.os.ms-windows.misc
1818,sci.electronics
1819,alt.atheism
1820,talk.politics.guns
1821,rec.sport.baseball
1822,sci.electronics
1823,sci.electronics
1824,rec.sport.baseball
1825,sci.electronics
1826,rec.sport.baseball
1827,alt.atheism
1828,comp.os.ms-windows.misc
1829,alt.atheism
1830,sci.electronics
1831,comp.os.ms-windows.misc
1832,comp.os.ms-windows.misc
1833,rec.sport.baseball
1834,talk.politics.guns
1835,rec.sport.baseball
1836,comp.os.ms-windows.misc
1837,rec.sport.baseball
1838,sci.electronics
1839,talk.politics.guns
1840,sci.electronics
1841,talk.politics.guns
1842,sci.electronics
1843,sci.electronics
1844,talk.politics.guns
1845,sci.electronics
1846,alt.atheism
1847,comp.os.ms-windows.misc
1848,sci.electronics
1849,rec.sport.baseball
1850,talk.politics.guns
1851,comp.os.ms-windows.misc
1852,sci.electronics
1853,alt.atheism
1854,alt.atheism
1855,comp.os.ms-windows.misc
1856,comp.os.ms-windows.misc
1857,comp.os.ms-windows.misc
1858,rec.sport.baseball
1859,comp.os.ms-windows.misc
1860,talk.politics.guns
1861,comp.os.ms-windows.misc
1862,comp.os.ms-windows.misc
1863,sci.electronics
1864,sci.electronics
1865,talk.politics.guns
1866,rec.sport.baseball
